{"Stegodyphus_mimosarum_index_reference": "50324516", "a132_adapterremoval": "50324519", "a132_collapsed_alignment": "50324521", "a132_paired_alignment": "50324524", "a132_merge_alignments": "50324526", "a132_markdup": "50324529", "a132_extract_unmapped_reads": "50324531", "a132_filtering": "50324534", "a132_post_filter_stats": "50324536", "a132_pre_filter_stats": "50324539", "a133_adapterremoval": "50324541", "a133_collapsed_alignment": "50324544", "a133_paired_alignment": "50324546", "a133_merge_alignments": "50324549", "a133_markdup": "50324551", "a133_extract_unmapped_reads": "50324554", "a133_filtering": "50324556", "a133_post_filter_stats": "50324558", "a133_pre_filter_stats": "50324560", "a134_adapterremoval": "50324562", "a134_collapsed_alignment": "50324564", "a134_paired_alignment": "50324567", "a134_merge_alignments": "50324569", "a134_markdup": "50324572", "a134_extract_unmapped_reads": "50324574", "a134_filtering": "50324577", "a134_post_filter_stats": "50324579", "a134_pre_filter_stats": "50324582", "a135_adapterremoval": "50324584", "a135_collapsed_alignment": "50324587", "a135_paired_alignment": "50324589", "a135_merge_alignments": "50324592", "a135_markdup": "50324594", "a135_extract_unmapped_reads": "50324596", "a135_filtering": "50324599", "a135_post_filter_stats": "50324601", "a135_pre_filter_stats": "50324604", "a136_adapterremoval": "50324606", "a136_collapsed_alignment": "50324608", "a136_paired_alignment": "50324611", "a136_merge_alignments": "50324613", "a136_markdup": "50324616", "a136_extract_unmapped_reads": "50324618", "a136_filtering": "50324621", "a136_post_filter_stats": "50324623", "a136_pre_filter_stats": "50324625", "a137_adapterremoval": "50324627", "a137_collapsed_alignment": "50324630", "a137_paired_alignment": "50324632", "a137_merge_alignments": "50324635", "a137_markdup": "50324637", "a137_extract_unmapped_reads": "50324640", "a137_filtering": "50324642", "a137_post_filter_stats": "50324644", "a137_pre_filter_stats": "50324647", "a138_adapterremoval": "50324649", "a138_collapsed_alignment": "50324651", "a138_paired_alignment": "50324654", "a138_merge_alignments": "50324713", "a138_markdup": "50324716", "a138_extract_unmapped_reads": "50324718", "a138_filtering": "50324720", "a138_post_filter_stats": "50324722", "a138_pre_filter_stats": "50324724", "a132_qualimap": "50324727", "a133_qualimap": "50324729", "a134_qualimap": "50324731", "a135_qualimap": "50324734", "a136_qualimap": "50324736", "a137_qualimap": "50324739", "a138_qualimap": "50324741", "b145_adapterremoval": "50324744", "b145_collapsed_alignment": "50324746", "b145_paired_alignment": "50324748", "b145_merge_alignments": "50324750", "b145_markdup": "50324751", "b145_filtering": "50324752", "b145_qualimap": "50324753", "b146_adapterremoval": "50324754", "b146_collapsed_alignment": "50324755", "b146_paired_alignment": "50324756", "b146_merge_alignments": "50324758", "b146_markdup": "50324760", "b146_filtering": "50324763", "b146_qualimap": "50324765", "b147_adapterremoval": "50324767", "b147_collapsed_alignment": "50324770", "b147_paired_alignment": "50324772", "b147_merge_alignments": "50324774", "b147_markdup": "50324777", "b147_filtering": "50324779", "b147_qualimap": "50324782", "b148_adapterremoval": "50324784", "b148_collapsed_alignment": "50324787", "b148_paired_alignment": "50324789", "b148_merge_alignments": "50324792", "b148_markdup": "50324794", "b148_filtering": "50324797", "b148_qualimap": "50324799", "b149_adapterremoval": "50324802", "b149_collapsed_alignment": "50324804", "b149_paired_alignment": "50324806", "b149_merge_alignments": "50324809", "b149_markdup": "50324811", "b149_filtering": "50324814", "b149_qualimap": "50324816", "b151_adapterremoval": "50324819", "b151_collapsed_alignment": "50324820", "b151_paired_alignment": "50324821", "b151_merge_alignments": "50324822", "b151_markdup": "50324823", "b151_filtering": "50324824", "b151_qualimap": "50324825", "b152_adapterremoval": "50324826", "b152_collapsed_alignment": "50324827", "b152_paired_alignment": "50324828", "b152_merge_alignments": "50324829", "b152_markdup": "50324830", "b152_filtering": "50324831", "b152_qualimap": "50324832", "b153_adapterremoval": "50324833", "b153_collapsed_alignment": "50324834", "b153_paired_alignment": "50324835", "b153_merge_alignments": "50324836", "b153_markdup": "50324837", "b153_filtering": "50324838", "b153_qualimap": "50324839", "all_groups_multi_qualimap": "50324840", "b145_extract_unmapped_reads": "50324841", "b145_post_filter_stats": "50324842", "b145_pre_filter_stats": "50324843", "b146_extract_unmapped_reads": "50324844", "b146_post_filter_stats": "50324845", "b146_pre_filter_stats": "50324846", "b147_extract_unmapped_reads": "50324847", "b147_post_filter_stats": "50324848", "b147_pre_filter_stats": "50324849", "b148_extract_unmapped_reads": "50324850", "b148_post_filter_stats": "50324851", "b148_pre_filter_stats": "50324852", "b149_extract_unmapped_reads": "50324853", "b149_post_filter_stats": "50324854", "b149_pre_filter_stats": "50324855", "b151_extract_unmapped_reads": "50324856", "b151_post_filter_stats": "50324857", "b151_pre_filter_stats": "50324858", "b152_extract_unmapped_reads": "50324859", "b152_post_filter_stats": "50324860", "b152_pre_filter_stats": "50324861", "b153_extract_unmapped_reads": "50324862", "b153_post_filter_stats": "50324863", "b153_pre_filter_stats": "50324864", "stables_multi_qualimap": "50324865"}