{"Stegodyphus_dumicola_index_reference": "50325175", "a166_adapterremoval": "50325200", "a166_collapsed_alignment": "50325202", "a166_paired_alignment": "50325205", "a166_merge_alignments": "50325207", "a166_markdup": "50325210", "a166_extract_unmapped_reads": "50325212", "a166_filtering": "50325215", "a166_post_filter_stats": "50325217", "a166_pre_filter_stats": "50325219", "a181_adapterremoval": "50325266", "a181_collapsed_alignment": "50325269", "a181_paired_alignment": "50325271", "a181_merge_alignments": "50325273", "a181_markdup": "50325276", "a181_extract_unmapped_reads": "50325278", "a181_filtering": "50325281", "a181_post_filter_stats": "50325283", "a181_pre_filter_stats": "50325286", "a455_adapterremoval": "50325288", "a455_collapsed_alignment": "50325291", "a455_paired_alignment": "50325293", "a455_merge_alignments": "50325295", "a455_markdup": "50325298", "a455_extract_unmapped_reads": "50325300", "a455_filtering": "50325303", "a455_post_filter_stats": "50325305", "a455_pre_filter_stats": "50325308", "a488_adapterremoval": "50325310", "a488_collapsed_alignment": "50325313", "a488_paired_alignment": "50325315", "a488_merge_alignments": "50325317", "a488_markdup": "50325319", "a488_extract_unmapped_reads": "50325322", "a488_filtering": "50325324", "a488_post_filter_stats": "50325327", "a488_pre_filter_stats": "50325329", "a645_adapterremoval": "50325332", "a645_collapsed_alignment": "50325334", "a645_paired_alignment": "50325337", "a645_merge_alignments": "50325339", "a645_markdup": "50325342", "a645_extract_unmapped_reads": "50325344", "a645_filtering": "50325346", "a645_post_filter_stats": "50325348", "a645_pre_filter_stats": "50325351", "a737_adapterremoval": "50325353", "a737_collapsed_alignment": "50325356", "a737_paired_alignment": "50325358", "a737_merge_alignments": "50325361", "a737_markdup": "50325363", "a737_extract_unmapped_reads": "50325366", "a737_filtering": "50325368", "a737_post_filter_stats": "50325371", "a737_pre_filter_stats": "50325373", "a890_adapterremoval": "50325376", "a890_collapsed_alignment": "50325378", "a890_paired_alignment": "50325381", "a890_merge_alignments": "50325383", "a890_markdup": "50325386", "a890_extract_unmapped_reads": "50325388", "a890_filtering": "50325390", "a890_post_filter_stats": "50325393", "a890_pre_filter_stats": "50325395", "a166_qualimap": "50325400", "a181_qualimap": "50325407", "a455_qualimap": "50325410", "a488_qualimap": "50325412", "a645_qualimap": "50325415", "a737_qualimap": "50325417", "a890_qualimap": "50325420", "b122_adapterremoval": "50325422", "b122_collapsed_alignment": "50325425", "b122_paired_alignment": "50325427", "b122_merge_alignments": "50325430", "b122_markdup": "50325432", "b122_filtering": "50325435", "b122_qualimap": "50325437", "b144_adapterremoval": "50325440", "b144_collapsed_alignment": "50325442", "b144_paired_alignment": "50325444", "b144_merge_alignments": "50325446", "b144_markdup": "50325449", "b144_filtering": "50325451", "b144_qualimap": "50325454", "b162_adapterremoval": "50325456", "b162_collapsed_alignment": "50325459", "b162_paired_alignment": "50325461", "b162_merge_alignments": "50325464", "b162_markdup": "50325466", "b162_filtering": "50325469", "b162_qualimap": "50325471", "b186_adapterremoval": "50325474", "b186_collapsed_alignment": "50325476", "b186_paired_alignment": "50325479", "b186_merge_alignments": "50325481", "b186_markdup": "50325484", "b186_filtering": "50325486", "b186_qualimap": "50325489", "b231_adapterremoval": "50325491", "b231_collapsed_alignment": "50325493", "b231_paired_alignment": "50325496", "b231_merge_alignments": "50325498", "b231_markdup": "50325500", "b231_filtering": "50325503", "b231_qualimap": "50325505", "b266_adapterremoval": "50325508", "b266_collapsed_alignment": "50325511", "b266_paired_alignment": "50325513", "b266_merge_alignments": "50325515", "b266_markdup": "50325517", "b266_filtering": "50325520", "b266_qualimap": "50325522", "b297_adapterremoval": "50325525", "b297_collapsed_alignment": "50325527", "b297_paired_alignment": "50325529", "b297_merge_alignments": "50325532", "b297_markdup": "50325534", "b297_filtering": "50325537", "b297_qualimap": "50325539", "b357_adapterremoval": "50325559", "b357_collapsed_alignment": "50325562", "b357_paired_alignment": "50325564", "b357_merge_alignments": "50325567", "b357_markdup": "50325569", "b357_filtering": "50325572", "b357_qualimap": "50325574", "b415_adapterremoval": "50325576", "b415_collapsed_alignment": "50325579", "b415_paired_alignment": "50325581", "b415_merge_alignments": "50325583", "b415_markdup": "50325586", "b415_filtering": "50325588", "b415_qualimap": "50325591", "all_groups_multi_qualimap": "50325593", "b122_extract_unmapped_reads": "50325596", "b122_post_filter_stats": "50325598", "b122_pre_filter_stats": "50325601", "b144_extract_unmapped_reads": "50325603", "b144_post_filter_stats": "50325606", "b144_pre_filter_stats": "50325608", "b162_extract_unmapped_reads": "50325611", "b162_post_filter_stats": "50325613", "b162_pre_filter_stats": "50325616", "b186_extract_unmapped_reads": "50325619", "b186_post_filter_stats": "50325621", "b186_pre_filter_stats": "50325624", "b231_extract_unmapped_reads": "50325626", "b231_post_filter_stats": "50325629", "b231_pre_filter_stats": "50325631", "b266_extract_unmapped_reads": "50325634", "b266_post_filter_stats": "50325636", "b266_pre_filter_stats": "50325639", "b297_extract_unmapped_reads": "50325641", "b297_post_filter_stats": "50325644", "b297_pre_filter_stats": "50325646", "b357_extract_unmapped_reads": "50325656", "b357_post_filter_stats": "50325659", "b357_pre_filter_stats": "50325661", "b415_extract_unmapped_reads": "50325664", "b415_post_filter_stats": "50325666", "b415_pre_filter_stats": "50325669", "stables_multi_qualimap": "50325671", "a163_adapterremoval": "50325177", "a163_collapsed_alignment": "50325180", "a163_paired_alignment": "50325182", "a163_merge_alignments": "50325185", "a163_markdup": "50325187", "a163_extract_unmapped_reads": "50325190", "a163_filtering": "50325192", "a163_post_filter_stats": "50325195", "a163_pre_filter_stats": "50325197", "a169_adapterremoval": "50325222", "a169_collapsed_alignment": "50325224", "a169_paired_alignment": "50325227", "a169_merge_alignments": "50325229", "a169_markdup": "50325232", "a169_extract_unmapped_reads": "50325234", "a169_filtering": "50325237", "a169_post_filter_stats": "50325239", "a169_pre_filter_stats": "50325241", "a178_adapterremoval": "50325244", "a178_collapsed_alignment": "50325246", "a178_paired_alignment": "50325249", "a178_merge_alignments": "50325251", "a178_markdup": "50325254", "a178_extract_unmapped_reads": "50325256", "a178_filtering": "50325259", "a178_post_filter_stats": "50325261", "a178_pre_filter_stats": "50325264", "a163_qualimap": "50325398", "a169_qualimap": "50325402", "a178_qualimap": "50325405", "b317_adapterremoval": "50325542", "b317_collapsed_alignment": "50325544", "b317_paired_alignment": "50325547", "b317_merge_alignments": "50325549", "b317_markdup": "50325552", "b317_filtering": "50325554", "b317_qualimap": "50325557", "b317_extract_unmapped_reads": "50325649", "b317_post_filter_stats": "50325651", "b317_pre_filter_stats": "50325654"}